,Rank,Year,Runtime (Minutes),Rating,Votes,Revenue (Millions),Metascore,Director Experience,Mean Lead Roles Experience
0,1,2014,121,8.1,757074,333.13,76.0,5.0,31.5
1,2,2012,124,7.0,485820,126.46,65.0,24.0,25.25
2,3,2016,117,7.3,157606,138.12,62.0,12.0,11.5
3,4,2016,108,7.2,60545,270.32,59.0,1.0,22.666666666666668
4,5,2016,123,6.2,393727,325.02,40.0,6.0,26.5
5,6,2016,103,6.1,56036,45.13,42.0,,50.75
6,7,2016,128,8.3,258682,151.06,93.0,4.0,37.75
8,9,2016,141,7.1,7188,8.01,78.0,6.0,18.5
9,10,2016,116,7.0,192177,100.01,41.0,5.0,15.333333333333334
10,11,2016,133,7.5,232072,234.02,66.0,10.0,12.333333333333334
11,12,2016,127,7.8,93103,169.27,74.0,2.0,26.333333333333332
12,13,2016,133,7.9,323118,532.17,65.0,3.0,29.5
13,14,2016,107,7.7,118151,248.75,81.0,7.0,16.0
14,15,2016,109,6.4,8612,2.87,70.0,7.0,19.333333333333332
15,16,2016,87,6.6,120259,368.31,61.0,5.0,20.75
16,17,2016,139,8.2,211760,67.12,71.0,5.0,13.333333333333334
17,18,2016,123,6.7,150823,162.16,58.0,9.0,40.333333333333336
18,19,2016,118,8.1,102061,51.69,69.0,1.0,23.0
19,20,2016,116,8.0,340798,100.5,81.0,9.0,23.333333333333332
20,21,2016,120,6.7,19053,7.22,49.0,3.0,25.5
21,22,2016,137,7.9,134213,47.7,96.0,3.0,22.0
23,24,2016,92,6.5,38552,153.69,56.0,1.0,18.0
24,25,2016,120,5.3,127553,103.14,32.0,17.0,26.0
28,29,2016,100,6.2,66540,113.08,60.0,2.0,19.666666666666668
29,30,2016,115,5.9,112813,54.65,36.0,3.0,25.666666666666668
30,31,2016,111,6.3,48123,60.31,39.0,4.0,31.0
31,32,2016,116,7.5,126030,10.64,67.0,2.0,37.75
32,33,2016,144,7.1,275510,155.33,52.0,10.0,26.0
33,34,2016,108,8.0,627797,363.02,65.0,1.0,22.25
34,35,2016,107,5.6,46165,26.84,49.0,12.0,25.0
35,36,2016,147,7.9,411656,408.08,75.0,4.0,17.333333333333332
36,37,2014,169,8.6,1047747,187.99,74.0,12.0,28.25
37,38,2016,115,7.6,293732,232.6,72.0,6.0,26.5
38,39,2016,132,6.9,122853,93.38,54.0,12.0,24.333333333333332
40,41,2016,89,6.3,120690,97.66,66.0,3.0,35.0
41,42,2016,111,7.5,135095,27.85,99.0,2.0,3.5
43,44,2016,115,7.2,37033,12.79,66.0,5.0,36.0
44,45,2016,99,6.3,279,4.21,57.0,3.0,8.666666666666666
45,46,2011,136,6.7,395025,241.06,45.0,6.0,49.5
46,47,2016,132,7.3,17818,3.44,64.0,12.0,32.333333333333336
48,49,2016,122,7.1,164567,158.8,68.0,7.0,24.5
50,51,2015,136,8.1,661608,936.63,81.0,5.0,14.5
51,52,2016,91,5.8,41362,30.35,23.0,1.0,17.25
52,53,2016,118,5.6,20221,32.46,18.0,18.0,35.0
53,54,2014,101,7.2,321933,43.0,68.0,2.0,52.0
54,55,2008,152,9.0,1791916,533.32,82.0,12.0,20.0
55,56,2016,161,7.3,49190,7.08,79.0,42.0,9.666666666666666
56,57,2016,88,7.2,121103,89.21,71.0,2.0,17.75
57,58,2016,106,7.4,113322,56.23,51.0,1.0,23.5
58,59,2016,117,7.0,3739,3.18,76.0,8.0,30.5
59,60,2016,96,7.5,137608,125.07,74.0,35.0,38.25
60,61,2016,151,6.7,472307,330.25,44.0,9.0,34.0
62,63,2016,112,6.5,102177,75.31,48.0,4.0,18.25
63,64,2015,125,4.1,244474,166.15,46.0,3.0,7.666666666666667
64,65,2006,130,8.5,913152,53.08,66.0,12.0,60.5
65,66,2014,129,7.7,440209,128.25,58.0,5.0,19.0
66,67,2016,133,7.4,39784,31.86,69.0,10.0,63.0
67,68,2015,120,8.1,632842,153.63,90.0,10.0,30.25
68,69,2016,106,7.5,291,0.01,61.0,2.0,20.666666666666668
69,70,2016,107,7.2,89849,61.28,68.0,10.0,36.5
71,72,2016,124,7.1,78079,40.07,60.0,19.0,38.0
72,73,2016,108,7.5,39134,3.73,76.0,,23.0
73,74,2016,97,6.8,43977,30.98,23.0,8.0,34.5
74,75,2016,108,8.1,296853,341.26,78.0,4.0,26.5
75,76,2007,169,7.1,498821,309.4,50.0,10.0,32.666666666666664
76,77,2012,143,8.1,1045588,623.28,69.0,5.0,34.0
77,78,2009,153,8.3,959065,120.52,69.0,12.0,30.666666666666668
78,79,2006,151,7.3,552027,423.03,53.0,10.0,37.0
79,80,2016,116,5.3,147717,128.34,60.0,6.0,22.75
80,81,2010,148,8.8,1583625,292.57,74.0,12.0,28.25
81,82,2016,118,7.9,105081,5.88,72.0,2.0,19.0
82,83,2013,180,8.2,865134,116.87,75.0,42.0,24.0
83,84,2014,149,8.1,636243,167.74,79.0,10.0,25.333333333333332
84,85,2015,137,7.2,301249,350.03,67.0,9.0,33.0
85,86,2015,124,7.0,455169,652.18,59.0,3.0,14.0
86,87,2016,129,6.4,27869,10.38,49.0,4.0,42.25
87,88,2009,162,7.8,935408,760.51,83.0,12.0,39.25
88,89,2015,187,7.8,341170,54.12,68.0,12.0,63.5
89,90,2016,128,7.4,162122,86.2,51.0,6.0,45.75
90,91,2013,153,8.1,431185,60.96,74.0,9.0,23.333333333333332
91,92,2016,123,7.0,187547,47.17,32.0,3.0,22.0
92,93,2011,146,8.1,342429,169.71,62.0,4.0,34.0
93,94,2016,114,7.1,106463,43.02,57.0,10.0,14.25
94,95,2015,141,7.4,516895,458.99,66.0,5.0,42.75
95,96,2016,116,7.4,175067,36.25,70.0,3.0,20.0
96,97,2016,106,8.6,34110,4.68,79.0,11.0,2.0
97,98,2016,90,5.8,9247,0.15,62.0,3.0,4.0
98,99,2016,105,6.3,10181,1.29,77.0,14.0,15.333333333333334
99,100,2006,151,8.5,937414,132.37,85.0,42.0,50.25
100,101,2015,132,7.0,108836,1.87,55.0,6.0,17.25
101,102,2011,115,7.0,570814,181.02,57.0,14.0,38.5
102,103,2015,144,8.0,556097,228.43,80.0,24.0,41.5
104,105,2015,116,7.3,202973,45.43,56.0,10.0,13.25
105,106,2016,102,7.7,115546,26.86,88.0,8.0,36.0
106,107,2016,120,5.4,1954,1.66,40.0,14.0,55.5
107,108,2016,110,6.3,117590,126.59,44.0,10.0,11.25
109,110,2014,108,7.7,339797,25.44,78.0,1.0,12.0
110,111,2016,89,6.3,3712,10.16,44.0,5.0,20.75
111,112,2013,134,8.1,486338,56.67,96.0,3.0,38.5
113,114,2006,117,7.7,637104,210.59,52.0,9.0,33.25
114,115,2011,130,8.1,590595,380.96,87.0,10.0,32.25
115,116,2016,105,5.8,30761,54.73,42.0,3.0,20.0
116,117,2016,118,6.2,50359,1.33,51.0,10.0,30.75
118,119,2016,104,7.2,192968,71.9,76.0,2.0,39.75
119,120,2016,97,7.4,157026,486.29,77.0,5.0,6.666666666666667
120,121,2016,127,6.7,101058,87.24,57.0,21.0,49.25
121,122,2014,139,6.7,362093,150.83,48.0,5.0,18.0
122,123,2016,98,6.0,53183,46.01,51.0,4.0,24.0
124,125,2012,164,8.5,1222645,448.13,78.0,12.0,25.666666666666668
125,126,2016,106,7.5,198243,364.0,77.0,8.0,45.25
126,127,2014,165,5.7,255483,245.43,32.0,13.0,35.5
127,128,2016,96,6.6,69651,38.56,58.0,5.0,18.0
128,129,2008,108,6.4,153481,143.7,51.0,2.0,40.666666666666664
129,130,2015,156,8.0,499424,183.64,76.0,9.0,24.25
130,131,2016,139,7.3,50953,57.64,79.0,3.0,26.0
131,132,2014,125,6.0,109756,128.0,69.0,6.0,38.5
132,133,2016,86,6.4,78328,55.12,59.0,7.0,12.75
133,134,2014,107,8.5,477276,13.09,88.0,4.0,31.25
134,135,2013,130,7.1,318051,238.67,61.0,7.0,29.5
135,136,2012,140,7.3,200090,21.38,68.0,3.0,20.666666666666668
136,137,2007,122,8.1,660286,74.27,91.0,10.0,50.5
137,138,2013,143,7.3,386102,144.81,55.0,5.0,16.333333333333332
138,139,2010,138,8.1,855604,127.97,63.0,42.0,22.333333333333332
140,141,2009,127,8.0,526324,257.7,82.0,5.0,27.75
141,142,2010,94,6.2,34184,64.0,56.0,3.0,8.0
142,143,2015,130,7.8,246360,70.24,81.0,7.0,40.5
143,144,2015,118,8.2,224132,14.68,86.0,5.0,10.333333333333334
144,145,2012,165,8.4,1039115,162.8,81.0,12.0,19.333333333333332
145,146,2016,144,8.1,33418,2.01,84.0,,0.0
146,147,2016,104,7.4,47694,14.26,77.0,1.0,15.0
147,148,2009,162,7.6,410249,107.5,56.0,9.0,20.333333333333332
148,149,2007,113,7.6,442082,121.46,76.0,6.0,33.25
149,150,2016,121,6.2,97623,34.26,42.0,26.0,41.0
150,151,2016,117,6.4,50853,55.47,66.0,33.0,5.333333333333333
151,152,2012,142,7.2,735604,408.0,68.0,4.0,14.666666666666666
152,153,2016,88,5.8,4299,0.2,65.0,1.0,11.0
153,154,2015,121,7.6,243230,46.88,82.0,9.0,23.75
155,156,2007,94,4.7,97618,41.8,29.0,2.0,10.333333333333334
156,157,2013,131,7.0,400519,101.79,64.0,9.0,16.0
157,158,2011,118,7.4,396714,84.24,68.0,4.0,37.25
158,159,2010,112,7.5,291457,31.49,69.0,6.0,22.5
159,160,2007,121,7.9,373244,23.62,81.0,6.0,37.75
161,162,2016,90,7.0,6946,1.8,63.0,7.0,20.5
162,163,2014,132,8.0,552298,233.91,74.0,10.0,44.5
163,164,2016,118,6.1,78043,58.4,47.0,13.0,25.25
164,165,2006,144,8.0,495106,167.01,80.0,12.0,35.5
165,166,2008,122,5.2,361449,191.45,56.0,7.0,20.333333333333332
166,167,2016,129,6.5,156567,65.03,46.0,7.0,43.0
167,168,2015,109,7.3,39723,33.31,51.0,2.0,46.5
168,169,2016,144,7.3,76935,52.82,48.0,13.0,14.333333333333334
169,170,2015,148,6.8,308981,200.07,60.0,7.0,33.5
170,171,2014,118,7.9,332476,32.28,76.0,1.0,32.25
171,172,2016,101,7.9,72778,48.02,84.0,1.0,36.25
173,174,2013,126,8.0,390531,25.56,90.0,14.0,24.0
174,175,2013,102,7.5,451894,400.74,74.0,4.0,18.0
175,176,2015,130,6.5,143069,93.42,60.0,6.0,25.5
176,177,2014,130,7.6,337777,208.54,79.0,5.0,34.25
177,178,2008,107,7.0,321442,110.42,71.0,6.0,48.75
178,179,2016,134,7.4,137203,102.46,65.0,9.0,24.5
179,180,2015,117,7.3,368912,180.19,64.0,6.0,32.5
180,181,2016,118,6.7,43086,24.09,59.0,4.0,20.333333333333332
181,182,2015,92,6.8,101781,25.14,83.0,1.0,18.5
182,183,2015,105,7.0,117018,201.15,67.0,14.0,19.666666666666668
184,185,2016,124,8.0,22389,3.4,85.0,6.0,3.6666666666666665
186,187,2016,113,6.3,11944,1.72,53.0,14.0,6.0
187,188,2015,119,6.6,97454,31.06,66.0,9.0,20.75
188,189,2011,100,7.8,461509,35.05,78.0,10.0,25.5
189,190,2015,125,6.3,106364,110.01,75.0,5.0,25.25
190,191,2016,133,7.2,27382,12.53,60.0,3.0,22.75
192,193,2015,128,8.1,268282,44.99,93.0,5.0,45.75
193,194,2016,92,5.8,22107,3.91,48.0,1.0,8.75
194,195,2011,140,8.2,355722,13.65,71.0,6.0,40.75
195,196,2011,124,6.9,547368,176.64,66.0,10.0,24.0
197,198,2007,148,8.1,459304,18.35,73.0,5.0,42.25
198,199,2014,114,8.1,532353,91.12,73.0,5.0,25.0
199,200,2016,107,6.3,97082,127.38,52.0,4.0,25.25
200,201,2014,113,7.9,471815,100.19,71.0,9.0,47.5
201,202,2016,146,6.5,12193,8.1,47.0,10.0,17.25
202,203,2016,134,7.3,79855,21.48,58.0,25.0,16.333333333333332
203,204,2008,126,7.9,737719,318.3,79.0,8.0,58.25
204,205,2016,120,5.7,70504,66.0,33.0,7.0,7.333333333333333
205,206,2011,132,7.8,550011,146.41,65.0,5.0,36.75
206,207,2016,99,7.5,5435,0.51,81.0,1.0,1.0
207,208,2016,118,7.5,26089,2.14,90.0,15.0,11.75
208,209,2011,125,6.8,227912,169.08,75.0,6.0,37.5
210,211,2015,114,6.1,161396,155.18,43.0,4.0,27.333333333333332
211,212,2012,94,5.3,114290,14.12,63.0,10.0,13.0
212,213,2007,144,7.1,531112,318.76,61.0,13.0,20.75
214,215,2013,112,7.0,443584,206.36,54.0,4.0,20.333333333333332
215,216,2016,126,5.5,73568,31.14,25.0,6.0,19.75
216,217,2014,136,7.8,542362,259.75,70.0,4.0,27.333333333333332
217,218,2016,104,5.7,7044,33.04,41.0,4.0,23.0
219,220,2010,117,7.7,456749,48.04,66.0,5.0,36.25
220,221,2015,96,6.7,61098,9.24,51.0,1.0,24.75
221,222,2006,117,7.1,283445,244.05,73.0,10.0,40.25
222,223,2014,100,6.9,136399,14.67,83.0,2.0,7.0
223,224,2011,158,7.8,348551,102.52,71.0,10.0,20.666666666666668
224,225,2013,110,7.0,334867,150.37,44.0,4.0,30.0
225,226,2016,163,7.0,19660,0.66,79.0,7.0,10.0
226,227,2015,119,7.1,121313,8.7,82.0,5.0,29.0
227,228,2010,107,6.4,179450,52.0,51.0,5.0,38.666666666666664
228,229,2014,97,7.0,268877,241.41,56.0,1.0,24.0
230,231,2006,118,8.2,498879,37.62,98.0,9.0,7.333333333333333
231,232,2016,95,5.2,3305,0.0,50.0,3.0,23.5
232,233,2006,139,7.8,247926,50.86,68.0,5.0,6.666666666666667
233,234,2015,131,7.4,257472,195.0,75.0,3.0,31.25
234,235,2016,114,6.1,66766,47.95,35.0,3.0,29.5
235,236,2012,102,8.0,377336,17.74,67.0,1.0,26.0
236,237,2016,100,6.8,41446,13.96,81.0,6.0,26.666666666666668
237,238,2016,85,3.9,4895,2.41,31.0,9.0,17.25
238,239,2014,99,8.1,530881,59.07,88.0,10.0,32.666666666666664
239,240,2013,125,5.9,96852,26.62,35.0,6.0,17.5
240,241,2014,134,7.6,332234,85.71,64.0,6.0,36.5
241,242,2015,95,8.2,416689,356.45,94.0,4.0,30.25
242,243,2016,90,5.8,1109,9.4,48.0,4.0,49.0
243,244,2015,126,6.5,205365,89.73,38.0,4.0,23.333333333333332
244,245,2010,118,5.9,148949,88.76,47.0,15.0,14.333333333333334
245,246,2012,158,7.6,257426,148.78,63.0,10.0,25.666666666666668
246,247,2006,109,7.9,382910,35.29,84.0,8.0,36.0
247,248,2016,119,7.4,14708,5.66,83.0,4.0,30.25
248,249,2015,119,7.1,188017,110.82,75.0,6.0,37.0
249,250,2011,112,8.6,557965,13.18,57.0,4.0,20.0
250,251,2016,92,4.9,178,0.32,50.0,2.0,32.5
251,252,2009,94,7.3,50946,0.11,73.0,5.0,3.75
252,253,2015,147,7.9,139831,161.03,72.0,9.0,2.0
253,254,2014,142,6.7,342183,202.85,53.0,4.0,36.5
254,255,2013,112,7.5,330305,137.39,68.0,9.0,40.0
255,256,2009,100,7.8,611563,277.31,73.0,10.0,28.0
256,257,2012,131,5.8,210349,65.17,41.0,10.0,10.333333333333334
257,258,2011,105,7.6,422290,176.74,68.0,3.0,38.25
258,259,2016,81,6.4,69823,67.24,58.0,2.0,8.666666666666666
259,260,2016,118,7.1,664,2.27,76.0,4.0,19.666666666666668
260,261,2014,119,7.8,440299,42.34,88.0,9.0,22.666666666666668
261,262,2010,108,8.0,581518,106.95,79.0,6.0,23.333333333333332
262,263,2014,108,6.2,21715,4.4,79.0,1.0,5.333333333333333
263,264,2013,117,7.0,90556,0.79,64.0,21.0,38.5
264,265,2016,112,6.0,59312,0.54,40.0,2.0,29.5
265,266,2015,99,4.9,53441,0.03,53.0,5.0,20.25
266,267,2016,102,6.0,75137,35.54,18.0,2.0,40.75
267,268,2012,172,7.5,298651,27.1,55.0,11.0,46.25
268,269,2009,107,6.7,388447,179.88,40.0,5.0,46.0
270,271,2012,143,7.8,547386,304.36,81.0,7.0,35.0
271,272,2012,169,7.9,668651,303.0,58.0,14.0,25.0
272,273,2012,110,7.2,432046,138.45,69.0,4.0,25.333333333333332
273,274,2016,106,8.0,52144,3.23,79.0,4.0,12.25
275,276,2013,124,7.0,410125,89.02,54.0,2.0,42.25
276,277,2014,112,7.1,280110,191.62,71.0,4.0,25.333333333333332
277,278,2007,157,7.7,329683,33.05,78.0,10.0,33.666666666666664
278,279,2016,117,7.0,36312,3.37,83.0,18.0,3.0
279,280,2013,130,7.2,591023,408.99,62.0,3.0,37.0
280,281,2013,115,7.3,492324,117.7,50.0,7.0,46.75
281,282,2009,128,7.6,501769,209.02,57.0,10.0,52.0
283,284,2015,119,7.0,110773,12.71,66.0,10.0,21.25
284,285,2014,98,6.0,122838,72.66,47.0,12.0,47.75
285,286,2011,110,6.1,204874,36.38,33.0,9.0,10.333333333333334
286,287,2016,105,5.8,30405,14.9,34.0,6.0,25.0
287,288,2015,127,5.3,150121,47.38,40.0,7.0,32.666666666666664
288,289,2016,95,5.8,26508,17.36,47.0,6.0,33.25
290,291,2016,118,7.5,58782,2.13,72.0,,0.0
291,292,2012,112,7.2,226631,65.0,66.0,2.0,20.5
292,293,2016,92,5.7,76327,55.29,58.0,6.0,34.75
294,295,2013,143,7.1,577010,291.02,55.0,9.0,40.5
295,296,2016,111,6.6,20514,18.71,26.0,3.0,10.666666666666666
296,297,2016,94,5.7,34523,64.06,34.0,6.0,40.75
297,298,2006,109,6.8,302268,124.73,62.0,8.0,35.25
298,299,2016,127,7.1,43929,15.43,66.0,4.0,42.75
299,300,2007,158,8.1,400682,40.22,92.0,8.0,15.333333333333334
300,301,2014,132,7.2,249425,101.53,57.0,12.0,33.0
301,302,2013,121,7.5,218996,125.07,60.0,10.0,29.25
302,303,2012,95,7.0,295554,42.04,72.0,1.0,9.666666666666666
303,304,2008,97,5.5,67033,48.24,55.0,6.0,24.5
304,305,2010,104,6.4,105619,31.58,46.0,2.0,22.5
305,306,2014,148,6.7,69509,8.09,81.0,8.0,26.0
306,307,2016,113,6.2,57207,77.04,34.0,3.0,44.0
308,309,2006,104,6.0,193479,62.49,45.0,7.0,8.5
309,310,2016,110,6.1,59886,46.81,51.0,2.0,20.0
310,311,2009,129,7.7,237221,255.95,53.0,5.0,14.333333333333334
311,312,2013,180,7.8,103150,2.2,88.0,5.0,12.75
312,313,2014,93,6.8,132580,0.92,86.0,1.0,5.75
313,314,2014,144,7.4,385598,255.11,59.0,14.0,25.0
314,315,2007,138,7.5,385325,292.0,71.0,10.0,28.5
315,316,2013,126,7.0,199048,4.56,84.0,,45.25
316,317,2016,112,5.2,73093,34.91,33.0,2.0,11.666666666666666
318,319,2015,94,6.2,81429,65.07,55.0,12.0,6.25
319,320,2011,131,7.3,300803,209.81,66.0,7.0,26.0
320,321,2006,104,6.5,95960,65.27,48.0,5.0,9.75
321,322,2016,84,6.4,616,0.01,74.0,5.0,12.0
322,323,2008,114,7.3,203096,5.69,53.0,10.0,41.5
323,324,2011,109,6.7,319025,37.55,53.0,6.0,16.0
324,325,2010,120,7.7,510100,96.92,95.0,10.0,14.333333333333334
325,326,2015,106,6.0,71149,27.36,34.0,5.0,25.25
326,327,2015,110,6.0,37975,5.77,36.0,8.0,19.25
327,328,2016,103,7.4,12643,0.04,54.0,19.0,7.25
328,329,2015,95,7.0,62885,3.22,79.0,3.0,21.666666666666668
329,330,2015,133,5.4,43085,7.1,51.0,12.0,18.5
330,331,2016,87,6.9,34248,72.66,56.0,6.0,20.333333333333332
331,332,2014,133,7.3,353305,350.12,72.0,35.0,21.0
332,333,2013,117,8.0,352801,27.3,84.0,6.0,36.75
333,334,2012,150,7.4,207497,182.2,86.0,33.0,18.0
334,335,2013,123,8.1,339722,26.9,75.0,26.0,20.333333333333332
336,337,2012,122,7.8,564364,132.09,81.0,9.0,44.5
338,339,2014,126,7.8,271301,124.87,69.0,2.0,19.5
339,340,2014,117,6.5,93764,46.28,31.0,8.0,36.75
340,341,2009,107,6.6,217464,155.02,46.0,7.0,24.5
341,342,2012,119,7.4,452369,66.47,84.0,3.0,46.0
342,343,2013,131,6.4,173320,73.1,52.0,17.0,24.666666666666668
343,344,2016,102,6.8,36322,76.2,71.0,4.0,22.333333333333332
344,345,2007,139,6.2,406219,336.53,59.0,15.0,31.25
345,346,2011,110,5.8,92329,20.32,35.0,12.0,21.5
346,347,2007,127,7.7,220664,38.35,66.0,5.0,25.75
347,348,2013,138,7.3,379088,150.12,90.0,9.0,27.333333333333332
348,349,2009,102,5.1,96617,16.2,47.0,5.0,22.0
349,350,2011,94,7.7,320323,56.82,81.0,49.0,42.0
351,352,2015,124,6.6,97679,56.44,56.0,9.0,44.5
352,353,2015,119,7.1,33352,2.02,47.0,4.0,22.0
353,354,2016,96,6.7,45579,11.08,64.0,49.0,29.25
354,355,2015,119,6.3,171970,130.0,42.0,7.0,6.333333333333333
355,356,2014,102,5.5,59958,17.18,30.0,6.0,41.75
357,358,2014,123,7.7,299718,35.89,72.0,6.0,11.0
358,359,2013,107,6.6,327838,101.47,67.0,2.0,41.0
359,360,2013,123,7.8,221600,15.29,55.0,4.0,15.0
360,361,2008,98,6.9,223065,100.47,51.0,7.0,38.0
361,362,2014,100,5.7,14248,0.05,42.0,3.0,22.0
362,363,2013,132,7.8,417663,228.76,72.0,5.0,27.0
363,364,2009,88,7.7,409403,75.59,73.0,3.0,18.0
364,365,2016,106,6.3,89059,30.0,72.0,10.0,38.5
365,366,2008,120,8.0,677044,141.32,86.0,14.0,16.0
366,367,2012,115,5.5,194329,292.3,52.0,10.0,24.0
368,369,2012,136,7.0,474320,262.03,66.0,4.0,27.5
369,370,2016,123,5.7,28326,26.38,38.0,9.0,14.666666666666666
370,371,2016,89,6.0,702,3.85,62.0,1.0,5.75
371,372,2014,113,6.8,335531,102.41,57.0,2.0,11.25
372,373,2016,113,6.3,38430,14.27,36.0,4.0,40.75
373,374,2008,110,6.7,312495,134.57,64.0,9.0,51.0
374,375,2016,111,6.9,31776,27.37,71.0,29.0,31.25
375,376,2016,99,5.7,7583,2.2,33.0,3.0,48.25
376,377,2015,123,6.9,135706,62.56,68.0,3.0,38.75
377,378,2015,133,7.6,175673,109.71,82.0,2.0,22.75
378,379,2016,97,7.1,61812,4.21,64.0,1.0,18.75
379,380,2014,126,6.1,137568,39.29,35.0,3.0,55.75
380,381,2014,86,7.6,84016,3.33,76.0,1.0,5.333333333333333
381,382,2015,124,7.4,169083,52.42,57.0,12.0,18.666666666666668
383,384,2015,142,7.6,217938,72.31,81.0,33.0,36.25
384,385,2014,100,7.8,266508,257.76,83.0,4.0,40.75
385,386,2015,121,7.1,154647,43.25,64.0,10.0,8.25
386,387,2015,105,5.6,101092,78.75,27.0,15.0,22.0
387,388,2010,140,6.7,221117,105.22,53.0,24.0,29.333333333333332
388,389,2013,126,6.7,355362,132.55,60.0,10.0,15.25
389,390,2012,132,6.6,220667,73.06,51.0,5.0,10.333333333333334
390,391,2016,100,6.3,31913,20.57,63.0,2.0,10.0
391,392,2015,115,5.8,31194,10.64,39.0,4.0,32.75
392,393,2015,122,7.2,116112,17.75,82.0,14.0,41.5
394,395,2013,101,5.4,114482,133.67,19.0,14.0,38.5
395,396,2015,112,7.2,112288,42.48,51.0,4.0,8.0
396,397,2008,112,6.8,342355,134.52,61.0,7.0,46.0
397,398,2009,113,5.5,86417,109.18,23.0,2.0,30.25
399,400,2012,110,6.1,113686,113.71,72.0,30.0,15.333333333333334
400,401,2015,91,6.4,159830,336.03,56.0,6.0,30.25
403,404,2010,95,7.7,410607,251.5,72.0,4.0,26.25
404,405,2014,118,6.7,49041,26.76,29.0,12.0,25.333333333333332
405,406,2015,100,6.7,40529,0.23,74.0,5.0,11.75
406,407,2012,157,7.4,226661,95.72,95.0,11.0,39.75
407,408,2010,100,7.8,316459,200.81,71.0,2.0,30.0
408,409,2015,137,6.6,202380,281.67,65.0,6.0,33.25
409,410,2015,99,6.1,74589,58.88,34.0,1.0,19.25
410,411,2008,93,7.8,502961,145.0,50.0,4.0,41.25
411,412,2015,115,6.5,108306,183.44,63.0,2.0,17.333333333333332
412,413,2013,104,7.3,252119,268.49,65.0,2.0,78.25
414,415,2016,98,5.6,48161,21.2,38.0,6.0,25.666666666666668
415,416,2014,102,5.4,34546,1.82,55.0,14.0,28.0
418,419,2010,146,7.7,357213,294.98,65.0,10.0,29.75
419,420,2011,101,7.2,155010,4.0,72.0,3.0,17.75
420,421,2011,111,6.8,164208,40.25,65.0,6.0,25.5
421,422,2007,88,5.7,8914,0.04,35.0,1.0,4.5
422,423,2016,108,5.8,35003,10.91,45.0,4.0,12.5
423,424,2014,102,6.2,237887,106.37,48.0,2.0,19.75
424,425,2016,99,5.9,100702,62.4,28.0,3.0,23.666666666666668
425,426,2008,166,7.8,485075,127.49,70.0,10.0,48.25
426,427,2014,102,6.5,122185,13.75,46.0,3.0,44.75
427,428,2007,115,8.1,525700,227.14,85.0,9.0,37.25
430,431,2009,170,8.4,238789,6.52,67.0,4.0,12.25
431,432,2016,102,4.7,48297,28.84,34.0,6.0,53.25
432,433,2013,116,7.0,494819,202.35,63.0,9.0,22.0
433,434,2011,132,7.4,382459,209.36,73.0,6.0,33.5
436,437,2015,123,7.1,58421,37.43,33.0,,23.5
437,438,2012,114,7.6,156189,19.0,73.0,,33.75
438,439,2013,103,6.6,214825,28.75,41.0,4.0,20.333333333333332
440,441,2013,130,6.3,181521,234.9,44.0,15.0,47.25
441,442,2015,117,7.5,94977,38.32,87.0,5.0,10.333333333333334
442,443,2009,100,7.7,156620,75.28,80.0,4.0,18.75
443,444,2010,112,7.4,151409,9.7,81.0,3.0,19.666666666666668
446,447,2012,95,7.1,213764,13.4,59.0,5.0,21.75
447,448,2016,101,7.9,52331,5.2,81.0,7.0,18.75
448,449,2014,102,7.8,309186,222.49,74.0,3.0,8.0
449,450,2013,100,5.9,113272,35.27,53.0,3.0,28.0
450,451,2010,124,7.0,556666,312.06,57.0,8.0,43.0
451,452,2015,101,7.0,58720,1.82,49.0,6.0,29.0
452,453,2009,108,6.8,126656,10.33,28.0,5.0,32.0
453,454,2013,119,6.5,214994,98.9,41.0,12.0,23.666666666666668
454,455,2011,109,6.1,202682,55.09,36.0,9.0,18.25
455,456,2012,115,8.3,192263,0.61,76.0,8.0,11.25
456,457,2009,108,6.7,241709,163.95,48.0,5.0,27.333333333333332
457,458,2015,100,6.0,95119,90.35,34.0,1.0,28.75
458,459,2011,117,6.4,182069,103.03,33.0,14.0,27.666666666666668
459,460,2008,119,7.3,159736,22.88,69.0,7.0,17.75
460,461,2010,125,7.6,294553,92.17,74.0,4.0,32.25
461,462,2016,97,6.0,51235,35.79,42.0,4.0,12.0
462,463,2016,109,6.6,8229,4.07,63.0,13.0,46.5
464,465,2015,103,6.3,57602,80.02,60.0,4.0,19.5
465,466,2011,129,7.5,357436,186.83,48.0,10.0,46.0
466,467,2010,100,6.4,255813,118.31,65.0,16.0,39.0
467,468,2013,91,6.9,111558,1.01,61.0,9.0,18.0
468,469,2009,112,8.0,556794,115.65,81.0,9.0,6.0
469,470,2010,107,6.7,199900,119.22,64.0,7.0,33.25
470,471,2007,157,7.8,337835,130.13,76.0,24.0,28.666666666666668
471,472,2006,123,6.4,83941,15.96,65.0,8.0,42.0
472,473,2009,158,5.8,297984,166.11,49.0,17.0,35.333333333333336
473,474,2009,153,7.5,351059,301.96,78.0,10.0,32.25
474,475,2012,120,7.7,481274,136.02,86.0,4.0,61.0
475,476,2016,106,7.4,56332,15.79,54.0,3.0,14.5
476,477,2006,137,8.5,278103,11.28,89.0,2.0,11.666666666666666
480,481,2008,111,7.2,226619,62.88,67.0,6.0,35.0
481,482,2014,97,6.5,93799,45.09,47.0,16.0,38.25
482,483,2016,115,6.3,48400,12.63,52.0,5.0,21.666666666666668
485,486,2012,94,7.8,254446,45.51,84.0,10.0,41.5
486,487,2007,117,6.7,102954,118.82,81.0,8.0,34.0
487,488,2013,115,6.7,84765,71.35,34.0,23.0,11.0
488,489,2015,105,6.6,166489,53.85,56.0,4.0,22.25
489,490,2007,111,8.0,504039,206.44,96.0,6.0,11.0
490,491,2010,98,6.5,36091,0.02,66.0,4.0,9.75
491,492,2010,118,6.9,241359,94.82,53.0,5.0,38.0
492,493,2008,85,7.0,313803,80.03,64.0,5.0,17.5
493,494,2015,114,5.3,44553,28.77,34.0,2.0,23.5
494,495,2013,108,6.3,94707,2.61,78.0,4.0,13.5
495,496,2007,101,7.2,565721,256.39,65.0,6.0,19.25
496,497,2012,106,6.8,278379,179.02,58.0,11.0,28.0
497,498,2011,112,7.1,298913,126.98,72.0,5.0,15.0
498,499,2009,109,7.4,228339,73.34,34.0,9.0,35.75
499,500,2009,96,8.3,722203,292.98,88.0,4.0,32.5
500,501,2015,131,6.3,159364,81.69,43.0,2.0,6.0
501,502,2015,118,7.2,77995,0.25,95.0,10.0,27.0
503,504,2015,124,7.3,52636,2.7,64.0,8.0,73.5
506,507,2012,131,6.5,107960,47.31,59.0,25.0,10.0
507,508,2009,95,7.7,398972,32.39,76.0,4.0,29.0
508,509,2013,94,4.3,83625,8.83,18.0,2.0,38.0
509,510,2013,91,7.8,622089,274.08,96.0,8.0,40.75
510,511,2008,94,7.8,144614,9.03,55.0,6.0,19.75
511,512,2007,124,7.2,267820,46.98,53.0,12.0,51.0
512,513,2008,91,5.0,170897,64.51,34.0,12.0,40.25
513,514,2015,132,7.1,47289,66.01,72.0,1.0,43.5
515,516,2010,92,7.1,294950,58.4,72.0,4.0,14.0
516,517,2014,150,6.0,137299,65.01,52.0,24.0,56.25
517,518,2015,120,6.9,188769,31.57,41.0,9.0,7.0
518,519,2013,161,7.9,513744,258.36,66.0,14.0,25.0
519,520,2013,111,6.2,1356,0.05,51.0,1.0,20.0
520,521,2016,120,7.2,24100,2.96,59.0,4.0,12.5
521,522,2013,117,5.3,84927,16.97,48.0,24.0,25.666666666666668
522,523,2016,133,4.7,1830,23.05,57.0,3.0,1.5
524,525,2010,106,7.0,36043,0.06,60.0,3.0,31.0
525,526,2016,103,3.9,552,93.05,61.0,1.0,12.0
527,528,2013,100,5.4,26461,7.19,38.0,5.0,4.5
528,529,2014,123,6.4,318058,200.66,62.0,3.0,20.5
529,530,2012,135,6.7,245374,113.17,61.0,3.0,38.25
530,531,2006,117,6.9,74674,7.46,47.0,24.0,34.25
531,532,2016,92,5.4,12758,64.03,59.0,3.0,5.75
533,534,2014,89,6.4,352698,126.55,61.0,16.0,45.333333333333336
534,535,2016,125,7.2,1024,1.08,77.0,8.0,26.25
535,536,2014,132,6.5,143389,43.57,39.0,2.0,21.5
536,537,2012,130,7.0,250811,58.68,50.0,3.0,48.25
537,538,2016,108,5.7,24761,0.54,22.0,10.0,31.75
540,541,2010,128,7.2,137964,15.52,77.0,23.0,39.0
541,542,2011,105,7.4,444417,79.24,59.0,5.0,45.5
545,546,2016,112,6.7,54787,3.71,76.0,5.0,40.0
546,547,2016,92,6.8,10485,4.42,83.0,3.0,16.666666666666668
547,548,2010,108,6.5,324898,334.19,53.0,21.0,29.666666666666668
548,549,2016,98,6.8,391,0.11,68.0,7.0,54.75
550,551,2006,106,5.8,106381,118.68,45.0,6.0,34.75
551,552,2016,123,7.1,17141,7.7,79.0,5.0,12.75
552,553,2015,100,4.3,121847,56.11,27.0,2.0,18.0
555,556,2015,91,4.6,30180,35.39,30.0,11.0,22.25
556,557,2015,108,7.1,96688,43.77,77.0,1.0,26.75
557,558,2014,92,6.3,148504,55.94,40.0,2.0,19.5
558,559,2015,122,6.9,90372,24.99,47.0,26.0,17.333333333333332
559,560,2006,84,6.6,115355,0.44,66.0,4.0,34.0
560,561,2010,103,6.5,283282,102.98,45.0,8.0,55.5
561,562,2013,91,6.5,133113,54.24,57.0,2.0,13.5
562,563,2012,110,6.8,171169,48.06,53.0,6.0,20.333333333333332
563,564,2012,101,7.8,290559,189.41,72.0,2.0,44.0
564,565,2012,127,6.1,239772,155.11,57.0,2.0,28.75
565,566,2015,111,5.8,47804,34.96,36.0,6.0,19.75
566,567,2011,154,6.3,338369,352.36,42.0,13.0,17.75
567,568,2007,96,7.5,432461,143.49,81.0,6.0,31.5
568,569,2016,98,6.1,26521,4.2,58.0,11.0,30.0
569,570,2016,98,6.5,68654,41.01,55.0,4.0,31.666666666666668
570,571,2014,109,6.0,110825,83.91,39.0,7.0,25.5
571,572,2007,107,7.1,150353,127.71,75.0,6.0,52.0
572,573,2015,121,7.1,159582,75.27,51.0,6.0,44.666666666666664
573,574,2006,101,7.8,374044,59.89,80.0,2.0,38.75
574,575,2016,117,6.8,11900,4.85,62.0,3.0,30.5
575,576,2010,106,5.8,238206,163.19,39.0,7.0,36.666666666666664
576,577,2016,117,6.8,44425,27.55,58.0,5.0,29.75
577,578,2010,125,6.8,273959,172.05,49.0,2.0,34.5
578,579,2013,146,7.6,525646,424.65,76.0,6.0,28.0
579,580,2010,101,6.3,44158,0.58,57.0,3.0,33.5
580,581,2016,90,4.9,6809,131.56,37.0,13.0,19.5
582,583,2014,94,5.1,89885,38.54,36.0,6.0,28.5
583,584,2012,110,5.7,60059,41.1,41.0,6.0,28.5
584,585,2011,133,7.6,297395,75.61,87.0,4.0,47.75
585,586,2007,114,5.2,190673,115.8,35.0,5.0,41.75
586,587,2014,137,7.2,114006,115.6,59.0,3.0,13.5
587,588,2011,110,6.0,142900,83.5,46.0,5.0,52.25
588,589,2007,107,7.3,199860,3.68,64.0,14.0,32.0
589,590,2012,93,7.2,293941,237.28,69.0,2.0,27.0
590,591,2009,152,7.8,182074,10.1,76.0,4.0,18.666666666666668
591,592,2013,112,6.2,25208,0.32,37.0,10.0,30.0
592,593,2014,106,7.1,116118,10.72,69.0,2.0,17.0
593,594,2006,105,6.4,122864,2.34,45.0,8.0,8.333333333333334
594,595,2015,96,6.1,68306,150.32,42.0,4.0,37.0
595,596,2010,116,7.2,97141,12.13,79.0,5.0,35.0
596,597,2008,110,6.6,84083,24.85,39.0,4.0,22.5
597,598,2016,83,6.2,63408,6.86,44.0,7.0,27.666666666666668
598,599,2009,97,7.9,277123,5.01,67.0,3.0,37.666666666666664
599,600,2010,95,7.3,183926,148.34,63.0,5.0,41.75
600,601,2013,113,6.7,181432,46.0,40.0,3.0,38.25
601,602,2016,88,6.4,40357,93.95,66.0,6.0,26.25
603,604,2016,95,7.2,89791,143.52,66.0,1.0,47.75
604,605,2015,110,5.1,1630,6.53,90.0,4.0,0.5
607,608,2011,98,6.9,368556,117.53,57.0,6.0,21.25
608,609,2014,139,8.1,33560,3.49,74.0,6.0,3.0
609,610,2008,120,7.0,216932,75.75,78.0,9.0,40.5
610,611,2013,124,6.2,71822,19.45,52.0,7.0,15.666666666666666
611,612,2016,162,7.6,24387,1.48,93.0,3.0,3.3333333333333335
612,613,2009,135,6.7,130702,43.98,42.0,14.0,49.75
613,614,2007,160,7.5,143564,3.9,68.0,4.0,46.0
614,615,2013,90,6.6,199973,24.48,66.0,1.0,17.0
615,616,2016,92,6.3,21089,0.04,48.0,3.0,19.0
616,617,2016,101,4.0,277,20.76,53.0,,1.5
618,619,2015,95,6.3,30053,0.03,52.0,4.0,43.75
619,620,2013,114,7.3,249877,58.23,54.0,6.0,36.75
620,621,2015,103,7.3,66400,17.47,72.0,5.0,3.3333333333333335
621,622,2012,88,6.4,127157,62.32,39.0,4.0,28.25
622,623,2009,108,6.6,94069,0.4,49.0,21.0,41.666666666666664
623,624,2009,97,5.6,78631,65.0,34.0,6.0,4.666666666666667
624,625,2014,109,6.0,144715,89.25,26.0,6.0,53.0
625,626,2012,118,6.3,210965,58.88,43.0,4.0,24.333333333333332
626,627,2006,104,6.7,406540,234.36,58.0,12.0,44.25
629,630,2014,98,6.2,74886,113.73,47.0,12.0,53.75
630,631,2010,112,6.7,151519,32.36,55.0,13.0,42.75
631,632,2014,112,6.6,261536,6.11,52.0,2.0,41.5
632,633,2006,120,7.0,73491,2.2,85.0,,0.0
635,636,2007,129,7.0,309398,148.73,85.0,5.0,38.75
636,637,2011,93,7.5,404884,54.7,74.0,3.0,21.0
637,638,2012,116,7.3,195360,37.4,58.0,5.0,30.75
638,639,2014,83,5.6,50402,31.54,59.0,4.0,3.0
639,640,2012,113,6.7,178471,56.72,49.0,2.0,12.333333333333334
640,641,2006,117,8.0,361105,162.59,64.0,8.0,19.5
641,642,2014,122,8.1,110100,3.08,77.0,,4.25
643,644,2016,113,7.5,4304,0.86,73.0,19.0,7.25
646,647,2015,101,6.6,76469,13.65,42.0,3.0,30.5
649,650,2014,104,5.6,44111,7.79,30.0,10.0,21.25
650,651,2007,116,7.4,296289,52.88,83.0,21.0,42.0
652,653,2010,103,6.8,219916,53.99,52.0,9.0,37.25
653,654,2016,87,6.7,30875,9.39,68.0,4.0,24.666666666666668
655,656,2009,140,7.0,240323,97.03,70.0,12.0,35.25
656,657,2014,165,7.9,286722,25.36,100.0,18.0,12.0
657,658,2014,101,5.9,178527,190.87,31.0,7.0,27.0
658,659,2007,100,7.7,198006,17.11,82.0,21.0,38.0
659,660,2015,96,6.7,2798,0.03,62.0,1.0,30.5
660,661,2008,111,7.0,267872,87.34,64.0,11.0,49.5
661,662,2012,95,6.9,54027,0.02,55.0,2.0,11.25
662,663,2007,114,7.7,206707,20.3,72.0,4.0,56.0
663,664,2013,117,6.6,140151,159.58,60.0,6.0,16.666666666666668
664,665,2016,102,7.1,5796,0.28,88.0,5.0,26.333333333333332
665,666,2012,129,6.6,75291,12.8,63.0,6.0,26.666666666666668
666,667,2015,106,5.7,26320,0.05,32.0,6.0,36.333333333333336
667,668,2015,115,6.3,136323,81.26,48.0,3.0,23.5
668,669,2013,129,6.5,168875,49.87,45.0,13.0,26.0
669,670,2006,143,8.0,422014,57.37,64.0,13.0,25.0
671,672,2015,137,6.5,47703,1.21,41.0,4.0,34.0
672,673,2008,131,7.6,352023,15.7,94.0,11.0,24.0
673,674,2011,114,5.6,231907,116.59,39.0,12.0,19.0
675,676,2007,126,7.2,233346,25.59,58.0,5.0,31.0
676,677,2013,115,6.7,188004,25.12,49.0,7.0,50.25
677,678,2014,102,7.2,80415,0.01,44.0,2.0,10.75
678,679,2015,101,6.5,57874,34.02,56.0,3.0,27.75
679,680,2016,140,7.2,2403,0.54,78.0,,0.0
680,681,2014,123,6.7,331902,337.1,64.0,6.0,33.25
681,682,2011,112,7.5,104953,1.74,68.0,3.0,33.0
682,683,2016,90,6.5,16164,14.01,87.0,5.0,25.0
683,684,2013,130,5.9,112313,31.17,33.0,6.0,7.333333333333333
684,685,2008,123,7.7,245144,69.95,36.0,8.0,28.666666666666668
685,686,2010,118,8.0,534388,138.8,88.0,10.0,31.333333333333332
686,687,2008,96,7.6,54486,0.15,82.0,3.0,4.5
687,688,2008,88,6.1,252503,80.17,35.0,9.0,47.333333333333336
688,689,2010,103,8.3,586669,414.98,92.0,4.0,57.0
689,690,2011,122,7.1,157053,24.1,85.0,6.0,53.0
690,691,2012,96,5.4,114144,42.35,39.0,12.0,20.75
691,692,2016,151,7.8,23540,1.4,56.0,2.0,17.5
693,694,2014,105,5.5,90188,23.22,39.0,12.0,26.75
694,695,2012,127,7.9,471109,124.98,79.0,14.0,18.0
697,698,2014,106,7.3,86271,0.33,57.0,3.0,10.5
698,699,2007,128,7.2,347567,134.52,69.0,4.0,48.0
701,702,2012,106,7.0,494641,218.63,62.0,3.0,26.0
702,703,2010,111,7.1,250012,90.36,60.0,7.0,55.333333333333336
703,704,2008,165,6.6,106115,49.55,53.0,5.0,26.5
704,705,2010,98,6.5,83788,23.23,44.0,,27.25
707,708,2016,88,6.5,5908,1.02,53.0,2.0,32.75
708,709,2014,141,7.4,146812,47.11,48.0,6.0,61.5
709,710,2013,96,6.2,18437,5.73,50.0,5.0,45.75
710,711,2009,150,6.0,335757,402.08,35.0,13.0,20.75
711,712,2016,80,7.6,11482,0.92,86.0,3.0,1.0
712,713,2014,95,7.3,50388,50.15,67.0,,41.5
713,714,2010,131,8.2,92863,6.86,80.0,9.0,5.0
714,715,2007,116,5.8,74664,36.77,46.0,12.0,31.666666666666668
715,716,2006,108,6.5,141141,197.99,77.0,10.0,52.5
716,717,2015,104,6.6,64557,32.36,38.0,3.0,14.75
717,718,2008,86,6.2,96718,52.53,47.0,3.0,14.25
718,719,2014,138,5.8,209700,101.16,68.0,6.0,41.25
719,720,2014,97,6.4,236500,150.06,68.0,6.0,33.0
720,721,2013,123,6.7,65824,0.33,60.0,21.0,57.75
721,722,2014,115,7.1,95553,37.88,76.0,6.0,27.666666666666668
722,723,2010,102,6.0,190385,162.0,30.0,14.0,42.75
723,724,2016,89,5.1,26088,20.75,47.0,9.0,3.25
724,725,2010,140,6.2,127983,176.59,61.0,6.0,35.0
725,726,2012,113,6.2,209326,79.71,55.0,21.0,46.25
726,727,2011,109,6.6,286543,55.8,63.0,4.0,31.0
727,728,2006,110,7.6,309934,39.83,68.0,5.0,41.5
728,729,2010,117,6.8,219116,77.21,47.0,8.0,39.333333333333336
729,730,2014,100,6.7,71069,0.32,76.0,9.0,17.75
730,731,2013,119,6.3,166342,44.67,42.0,12.0,38.25
731,732,2011,104,7.0,201707,37.37,57.0,6.0,27.0
733,734,2006,149,6.6,338280,217.54,46.0,26.0,47.75
734,735,2016,104,7.7,16163,0.69,37.0,27.0,26.0
735,736,2011,126,7.5,259182,73.82,83.0,42.0,67.75
736,737,2015,93,5.6,4155,0.02,68.0,2.0,20.25
737,738,2008,128,7.1,182305,39.38,57.0,24.0,23.333333333333332
738,739,2015,118,5.7,17439,0.56,53.0,9.0,30.666666666666668
739,740,2008,112,5.2,124554,102.18,31.0,11.0,38.5
740,741,2016,99,5.4,29642,63.03,40.0,2.0,25.0
741,742,2016,111,6.6,8998,4.71,54.0,2.0,38.0
742,743,2009,129,8.2,144524,20.17,80.0,6.0,10.666666666666666
743,744,2010,110,7.6,254904,171.03,80.0,10.0,46.333333333333336
744,745,2015,96,6.2,25903,3.59,46.0,1.0,17.5
745,746,2014,116,6.1,144779,42.62,44.0,3.0,19.333333333333332
748,749,2016,99,6.1,30035,34.9,65.0,5.0,7.666666666666667
749,750,2013,106,5.9,91684,68.56,39.0,3.0,17.75
750,751,2007,113,7.2,148943,39.0,68.0,7.0,32.333333333333336
751,752,2013,104,6.5,92875,27.69,61.0,5.0,7.333333333333333
752,753,2008,107,7.9,322536,7.76,67.0,3.0,33.333333333333336
753,754,2012,103,6.3,154400,54.76,31.0,6.0,35.75
759,760,2010,116,7.8,290056,93.57,79.0,9.0,29.0
760,761,2007,114,7.5,91229,31.66,38.0,2.0,30.5
761,762,2014,114,7.3,151970,31.24,68.0,8.0,35.666666666666664
762,763,2015,102,7.3,57826,18.7,73.0,5.0,36.5
763,764,2008,118,6.6,156158,101.11,43.0,9.0,19.666666666666668
764,765,2013,85,5.7,154588,64.42,41.0,4.0,31.666666666666668
765,766,2014,153,8.2,103279,10.57,51.0,4.0,14.0
767,768,2008,122,6.2,351361,317.01,65.0,33.0,36.333333333333336
768,769,2015,109,6.3,72515,31.99,56.0,2.0,6.75
769,770,2015,119,5.7,25928,0.34,65.0,7.0,29.0
770,771,2008,106,6.6,347798,168.37,58.0,9.0,37.75
772,773,2010,98,8.1,523893,217.39,74.0,4.0,17.333333333333332
773,774,2006,110,5.6,82701,42.27,36.0,12.0,44.25
774,775,2006,96,7.3,199193,10.14,51.0,6.0,37.75
775,776,2011,106,6.2,110490,191.45,57.0,10.0,28.666666666666668
776,777,2016,102,5.1,10871,0.78,35.0,8.0,36.0
780,781,2011,113,6.9,218679,61.09,56.0,7.0,38.0
781,782,2015,117,6.5,67196,12.28,34.0,5.0,16.333333333333332
782,783,2007,120,7.3,128146,28.48,45.0,2.0,46.75
784,785,2014,95,6.9,31370,0.04,31.0,1.0,17.75
785,786,2013,134,7.8,346154,107.1,83.0,9.0,25.666666666666668
787,788,2016,92,4.6,11555,3.77,22.0,4.0,12.75
788,789,2015,89,6.7,69157,169.69,44.0,4.0,28.75
789,790,2008,92,6.4,366138,227.95,49.0,10.0,28.75
790,791,2015,118,6.0,50241,87.03,58.0,2.0,24.75
791,792,2013,111,6.3,92868,36.92,42.0,16.0,41.5
792,793,2008,101,6.6,154936,31.45,56.0,14.0,30.0
793,794,2016,66,7.8,4370,0.29,85.0,1.0,0.6666666666666666
794,795,2012,102,6.6,129252,18.6,40.0,2.0,24.5
795,796,2011,108,6.2,178243,70.63,50.0,16.0,42.0
796,797,2006,120,7.3,87887,5.48,77.0,55.0,34.25
797,798,2013,98,7.4,304837,368.05,62.0,4.0,30.5
798,799,2014,114,6.5,93883,25.98,57.0,3.0,34.25
799,800,2013,109,7.0,199813,26.0,81.0,6.0,29.0
801,802,2012,110,7.2,196652,14.99,66.0,3.0,39.333333333333336
802,803,2007,115,6.2,146566,82.16,59.0,19.0,31.0
803,804,2014,105,6.2,103681,50.55,57.0,14.0,26.0
804,805,2007,104,6.8,221073,71.98,64.0,7.0,57.0
805,806,2014,111,6.0,52537,33.63,55.0,3.0,51.0
806,807,2010,116,6.6,233148,90.76,50.0,16.0,19.0
807,808,2013,95,7.1,115751,6.85,82.0,5.0,8.666666666666666
808,809,2016,111,6.8,4771,3.9,65.0,3.0,23.0
810,811,2015,93,6.7,19309,0.05,60.0,1.0,21.75
811,812,2013,100,6.2,142560,71.59,57.0,,16.5
812,813,2009,123,7.0,153448,41.57,42.0,7.0,27.25
813,814,2012,112,6.3,72050,16.68,54.0,49.0,40.0
814,815,2009,87,7.8,149779,21.0,83.0,10.0,51.5
815,816,2006,129,7.6,285441,88.5,76.0,36.0,30.0
817,818,2010,94,7.6,294010,18.33,82.0,14.0,32.0
818,819,2014,99,5.4,91106,84.26,37.0,4.0,5.0
821,822,2009,123,6.8,130153,7.69,65.0,14.0,30.666666666666668
822,823,2009,118,5.8,180105,150.17,32.0,9.0,33.0
823,824,2016,119,7.0,5855,0.3,72.0,3.0,13.25
829,830,2008,87,1.9,77207,14.17,15.0,8.0,13.0
830,831,2006,102,7.2,171356,70.27,63.0,8.0,34.75
831,832,2012,94,6.4,16917,49.0,54.0,5.0,8.0
832,833,2011,120,7.4,67464,11.23,76.0,,18.0
833,834,2008,112,5.7,62719,70.22,29.0,10.0,48.5
834,835,2012,83,6.4,225394,59.62,58.0,6.0,47.0
835,836,2014,108,6.3,38804,5.98,24.0,6.0,20.25
836,837,2016,128,7.5,5531,0.13,84.0,5.0,1.0
837,838,2008,113,5.5,163144,100.02,54.0,14.0,42.666666666666664
840,841,2014,108,6.3,125190,54.41,40.0,4.0,29.25
841,842,2015,125,6.4,15232,1.98,74.0,4.0,36.0
842,843,2011,135,7.1,137117,3.03,80.0,21.0,40.5
843,844,2009,97,7.1,95480,104.37,73.0,7.0,30.0
844,845,2010,98,6.8,157499,81.56,69.0,17.0,40.0
845,846,2012,138,7.3,276347,93.75,76.0,19.0,50.0
846,847,2015,94,6.7,77447,177.34,55.0,5.0,27.0
847,848,2013,131,7.8,77986,0.09,49.0,10.0,19.333333333333332
849,850,2013,128,7.5,69659,95.0,62.0,6.0,3.3333333333333335
850,851,2008,123,6.8,198395,81.16,48.0,7.0,28.25
851,852,2013,104,7.4,111875,16.17,62.0,4.0,26.0
852,853,2013,116,6.8,88829,11.33,63.0,3.0,46.0
853,854,2008,96,7.1,208770,23.21,70.0,49.0,24.666666666666668
854,855,2008,92,7.6,329788,215.4,73.0,3.0,40.0
855,856,2016,111,5.9,9993,54.01,67.0,9.0,26.0
856,857,2009,115,6.6,297093,125.32,49.0,6.0,28.75
857,858,2007,123,7.5,55648,36.58,64.0,7.0,36.5
858,859,2006,107,6.4,136642,41.78,52.0,6.0,22.0
859,860,2008,141,7.8,206793,35.71,63.0,35.0,28.0
860,861,2010,113,7.2,119376,19.06,40.0,2.0,11.666666666666666
862,863,2014,81,6.2,32310,66.95,54.0,7.0,19.25
863,864,2013,85,7.1,100890,1.36,81.0,2.0,19.0
865,866,2013,120,6.5,61060,0.16,46.0,6.0,22.75
866,867,2016,110,6.9,7402,3.4,78.0,1.0,11.75
867,868,2015,122,6.9,20907,0.64,67.0,3.0,21.5
868,869,2011,99,6.6,20194,52.69,51.0,5.0,11.0
869,870,2006,126,6.9,270429,133.38,66.0,5.0,49.5
870,871,2015,116,7.7,21569,3.36,70.0,6.0,6.0
871,872,2009,85,2.7,59512,9.35,45.0,4.0,10.0
872,873,2012,93,5.4,64584,44.8,31.0,1.0,20.75
873,874,2011,107,7.0,113599,13.77,48.0,8.0,15.333333333333334
874,875,2010,114,6.6,101301,53.36,39.0,2.0,25.0
875,876,2007,100,7.0,221858,28.64,78.0,3.0,31.5
876,877,2013,98,6.9,193579,66.36,59.0,6.0,14.333333333333334
877,878,2013,98,7.3,160592,33.4,78.0,49.0,50.0
878,879,2013,110,5.8,152145,122.51,41.0,7.0,23.0
879,880,2012,99,5.8,159230,83.64,37.0,7.0,47.0
880,881,2016,120,6.9,8365,1.91,68.0,11.0,2.0
881,882,2013,125,7.5,125693,83.3,65.0,5.0,41.0
882,883,2014,119,6.3,184564,23.01,42.0,1.0,52.0
883,884,2011,96,6.9,173919,143.62,63.0,8.0,20.333333333333332
884,885,2015,101,6.1,16361,0.03,43.0,4.0,19.333333333333332
885,886,2006,143,7.5,253417,34.3,69.0,9.0,35.75
886,887,2011,139,6.8,143517,13.3,85.0,9.0,36.5
887,888,2012,101,6.5,82874,60.44,39.0,10.0,19.75
888,889,2010,88,5.5,75262,25.0,53.0,6.0,20.333333333333332
889,890,2011,100,7.7,281625,34.96,72.0,6.0,33.0
892,893,2011,127,7.1,264480,85.46,56.0,12.0,15.666666666666666
893,894,2008,145,5.5,102547,152.64,53.0,2.0,27.5
894,895,2008,92,7.1,187077,42.72,46.0,8.0,29.25
897,898,2006,117,7.9,93036,2.28,64.0,5.0,9.0
898,899,2009,96,6.5,172558,88.92,28.0,7.0,21.5
899,900,2009,89,5.5,83976,58.72,24.0,7.0,26.5
900,901,2015,101,6.5,27730,0.81,64.0,2.0,15.0
901,902,2006,105,5.6,118905,34.01,58.0,7.0,41.5
902,903,2013,98,6.8,55243,3.45,59.0,6.0,17.5
903,904,2014,102,7.9,237565,177.0,76.0,4.0,34.5
904,905,2014,117,6.2,190833,58.61,52.0,6.0,37.5
906,907,2015,95,6.7,12361,14.44,63.0,3.0,18.5
907,908,2007,122,6.9,269581,117.14,62.0,30.0,35.666666666666664
908,909,2006,95,6.5,64351,7.77,69.0,5.0,30.0
909,910,2011,106,6.6,187004,75.64,70.0,30.0,48.25
910,911,2015,133,6.4,17565,0.08,72.0,5.0,51.5
912,913,2007,96,7.2,117297,82.23,74.0,,31.75
913,914,2013,89,7.2,66265,0.07,65.0,1.0,5.75
914,915,2009,122,6.7,33007,36.84,60.0,,15.0
915,916,2016,156,7.5,17962,0.79,81.0,,8.75
916,917,2012,103,6.6,257395,85.02,51.0,9.0,28.333333333333332
918,919,2006,147,7.5,199387,2.21,56.0,11.0,29.666666666666668
919,920,2007,113,6.1,155078,70.08,51.0,6.0,26.5
920,921,2010,97,6.4,67801,0.12,62.0,5.0,20.333333333333332
921,922,2015,93,6.3,31651,3.64,32.0,,8.0
922,923,2009,102,6.4,152808,64.15,48.0,4.0,25.5
923,924,2015,103,6.8,57921,27.29,38.0,5.0,24.0
924,925,2006,154,6.1,246797,200.07,72.0,10.0,35.25
925,926,2011,117,4.9,190244,281.28,45.0,10.0,21.0
926,927,2009,110,7.3,91623,47.54,79.0,4.0,13.0
927,928,2015,110,5.9,7475,0.02,23.0,19.0,33.666666666666664
930,931,2011,113,5.9,39380,51.78,58.0,3.0,6.333333333333333
931,932,2014,107,6.8,92170,50.46,46.0,1.0,13.666666666666666
934,935,2016,120,6.2,4669,0.22,82.0,2.0,2.75
935,936,2006,108,6.6,137502,148.21,66.0,7.0,42.25
936,937,2009,92,4.4,60655,0.18,33.0,3.0,5.25
937,938,2010,96,6.8,64535,0.32,50.0,5.0,35.0
940,941,2008,98,6.1,50255,0.07,58.0,10.0,36.0
941,942,2010,124,4.9,192740,300.52,58.0,3.0,20.333333333333332
943,944,2011,106,6.1,62095,13.99,35.0,3.0,31.5
944,945,2013,119,6.4,132098,42.0,49.0,7.0,22.5
947,948,2016,91,5.6,3990,0.03,48.0,2.0,26.0
948,949,2013,100,4.9,166512,60.52,33.0,12.0,6.666666666666667
949,950,2016,80,6.1,2417,0.15,69.0,1.0,2.3333333333333335
950,951,2015,105,7.8,92076,6.74,74.0,2.0,15.0
951,952,2011,115,7.3,211348,82.62,84.0,8.0,16.0
952,953,2010,146,4.3,62403,95.33,27.0,2.0,27.5
953,954,2013,95,7.2,65653,1.29,61.0,4.0,5.333333333333333
954,955,2008,105,6.4,173731,36.06,43.0,12.0,32.75
955,956,2014,94,6.2,81823,26.05,36.0,1.0,20.0
956,957,2010,100,5.2,84158,40.17,32.0,4.0,38.75
957,958,2012,109,7.7,192190,40.98,68.0,6.0,31.5
958,959,2014,117,6.2,73567,30.69,40.0,6.0,30.75
959,960,2006,110,7.8,271940,22.49,53.0,8.0,57.75
960,961,2013,101,7.0,97141,2.32,61.0,14.0,29.333333333333332
961,962,2015,101,5.9,10220,0.01,59.0,4.0,17.666666666666668
962,963,2008,115,6.7,88260,26.81,50.0,3.0,30.333333333333332
963,964,2010,108,6.3,60133,0.09,27.0,14.0,3.6666666666666665
970,971,2013,92,4.8,37060,34.33,62.0,3.0,12.25
972,973,2012,123,5.9,64513,38.51,47.0,8.0,36.5
973,974,2011,111,6.2,108544,38.18,52.0,23.0,24.25
974,975,2016,124,7.4,6753,8.81,73.0,15.0,8.75
975,976,2016,94,6.0,20966,59.57,37.0,6.0,20.75
979,980,2011,120,7.6,108772,3.19,70.0,20.0,30.0
980,981,2016,109,7.0,12048,61.69,44.0,5.0,12.333333333333334
981,982,2014,118,5.3,27312,85.91,33.0,4.0,32.0
982,983,2007,133,7.4,95172,24.34,56.0,3.0,16.0
983,984,2014,104,6.5,112729,82.39,30.0,4.0,19.5
984,985,2015,111,6.8,21405,42.65,47.0,7.0,11.666666666666666
985,986,2011,102,5.6,87904,21.56,31.0,11.0,39.75
986,987,2011,92,5.9,88000,42.58,50.0,3.0,7.5
987,988,2014,104,6.3,33688,23.39,30.0,3.0,5.0
990,991,2009,92,6.6,129708,45.8,44.0,1.0,39.0
991,992,2007,165,8.5,102697,1.2,42.0,1.0,8.75
993,994,2010,97,5.9,140900,60.13,37.0,12.0,18.333333333333332
994,995,2012,88,6.7,164088,54.72,48.0,2.0,6.75
996,997,2007,94,5.5,73152,17.54,46.0,5.0,15.25
997,998,2008,98,6.2,70699,58.01,50.0,7.0,7.75
999,1000,2016,87,5.3,12435,19.64,11.0,11.0,29.0
